id,timestamp,amount,customer_id
4,2003-05-20 13:02:04,25.00,40
5,2003-03-19 20:42:55,8.00,131
6,2007-03-03 20:28:12,73.00,76
7,2005-09-18 02:59:32,37.00,182
8,2004-05-14 16:36:40,75.00,35
9,2003-09-14 18:54:28,96.00,177
10,2006-06-11 06:29:40,60.00,195
11,2013-05-08 22:33:33,65.00,126
12,2018-05-06 20:06:04,10.00,16
13,2018-07-12 16:46:36,21.00,116
14,2004-01-04 21:44:40,93.00,120
15,2002-05-06 13:08:11,28.00,127
16,2017-02-11 09:45:30,43.00,163
17,2003-12-19 11:41:54,67.00,148
18,2011-07-12 12:46:25,67.00,64
19,2011-05-09 02:26:27,71.00,197
20,2002-10-13 02:46:36,68.00,113
21,2005-03-04 10:45:37,70.00,67
22,2004-12-23 00:02:33,64.00,40
23,2011-12-10 07:20:21,67.00,159
24,2002-02-12 20:28:42,12.00,132
25,2001-05-11 16:00:31,39.00,179
26,2004-08-06 12:31:43,91.00,142
27,2014-11-09 18:43:16,85.00,103
28,2019-07-11 12:49:36,75.00,146
29,2004-06-24 10:37:49,48.00,163
30,2007-02-06 02:10:15,99.00,184
31,2018-09-24 10:51:30,65.00,131
32,2006-11-29 20:12:22,53.00,197
33,2019-01-05 12:59:28,25.00,74
34,2013-01-02 09:19:01,59.00,51
35,2004-09-15 15:01:37,28.00,131
36,2018-12-19 19:19:06,73.00,56
37,2001-10-15 22:36:20,35.00,150
38,2015-11-27 03:44:52,75.00,71
39,2005-06-28 07:27:20,40.00,161
40,2014-01-05 10:30:10,68.00,145
41,2016-06-10 22:25:38,18.00,17
42,2007-05-26 16:58:36,8.00,166
43,2010-05-23 14:02:34,82.00,12
44,2004-01-21 14:12:38,61.00,104
45,2005-11-23 08:47:04,11.00,152
46,2013-08-22 10:33:01,50.00,137
47,2016-01-06 02:47:46,28.00,184
48,2016-01-05 15:59:17,87.00,125
49,2004-07-05 22:20:17,44.00,96
50,2004-02-01 16:44:31,67.00,193
51,2009-02-13 12:49:00,90.00,26
52,2013-07-03 14:02:02,16.00,118
53,2001-05-25 03:38:48,4.00,196
54,2001-11-19 20:44:48,32.00,151
55,2004-04-25 19:30:37,64.00,140
56,2004-09-21 14:57:36,47.00,144
57,2002-10-30 15:03:48,59.00,60
58,2000-10-11 13:30:36,32.00,146
59,2012-12-28 19:45:55,33.00,103
60,2017-04-26 01:53:23,27.00,73
61,2002-06-14 09:56:28,95.00,57
62,2019-05-04 21:22:03,30.00,162
63,2006-01-02 20:28:58,66.00,95
64,2016-07-26 22:00:23,69.00,67
65,2002-07-20 19:38:41,80.00,67
66,2017-03-20 22:39:21,36.00,131
67,2002-09-29 03:58:33,42.00,153
68,2007-10-29 10:28:34,68.00,27
69,2014-04-08 07:40:33,5.00,103
70,2013-12-08 01:31:13,83.00,82
71,2007-03-21 23:26:30,96.00,99
72,2007-06-16 13:05:30,26.00,29
73,2004-10-24 16:11:08,89.00,193
74,2015-06-22 08:24:37,63.00,196
75,2012-03-18 22:19:17,20.00,117
76,2012-10-25 06:41:36,52.00,180
77,2006-09-12 19:02:34,41.00,82
78,2010-08-13 13:41:57,47.00,182
79,2018-03-29 07:13:21,92.00,144
80,2009-01-30 07:56:21,14.00,104
81,2019-03-05 21:23:10,11.00,178
82,2011-12-15 00:48:48,13.00,75
83,2010-10-19 21:14:51,49.00,94
84,2017-11-01 14:41:56,52.00,171
85,2009-04-22 19:46:35,87.00,124
86,2003-11-28 23:30:39,19.00,109
87,2014-10-01 18:42:52,53.00,67
88,2019-03-26 16:19:19,14.00,181
89,2019-04-06 05:46:40,42.00,81
90,2017-06-21 09:52:10,30.00,197
91,2008-01-31 09:03:45,66.00,194
92,2007-01-21 05:40:21,39.00,183
93,2003-12-01 18:28:04,35.00,192
94,2016-07-10 11:50:59,99.00,34
95,2000-03-25 22:03:22,79.00,134
96,2013-05-02 14:27:51,56.00,160
97,2012-06-06 05:03:40,54.00,23
98,2019-02-18 12:30:55,20.00,170
99,2013-04-23 12:03:42,4.00,196
100,2007-09-10 01:24:01,61.00,95
101,2018-09-03 14:00:43,86.00,161
102,2003-12-10 09:28:25,0.00,200
103,2000-12-14 12:12:47,10.00,125
104,2014-04-16 06:16:03,68.00,133
105,2000-01-29 05:18:16,69.00,84
106,2001-09-02 17:02:21,47.00,106
107,2006-02-05 08:49:31,96.00,41
108,2017-01-16 11:39:34,35.00,89
109,2001-07-12 08:25:47,33.00,139
110,2006-06-14 14:28:23,74.00,50
111,2005-02-15 20:24:52,89.00,107
112,2013-11-28 05:09:58,73.00,138
113,2016-01-19 23:33:43,6.00,51
114,2010-05-13 01:05:00,88.00,165
115,2001-08-29 18:08:06,31.00,185
116,2000-07-08 13:58:39,6.00,192
117,2016-11-18 20:13:41,47.00,60
118,2015-05-04 16:13:38,82.00,109
119,2008-12-03 19:06:35,22.00,152
120,2008-01-06 10:48:38,45.00,109
121,2016-10-15 11:20:59,85.00,34
122,2014-12-16 16:33:14,86.00,124
123,2005-02-05 12:49:41,25.00,84
124,2005-06-22 21:44:13,97.00,89
125,2005-05-26 19:39:10,91.00,194
126,2006-02-04 05:22:59,10.00,51
127,2013-12-05 14:17:23,28.00,191
128,2008-04-07 14:55:15,41.00,98
129,2005-10-15 18:59:01,53.00,113
130,2006-03-08 02:48:58,31.00,147
131,2004-08-27 07:56:41,13.00,166
132,2002-04-14 05:16:52,84.00,133
133,2013-07-04 09:15:55,3.00,200
134,2001-11-25 21:01:24,90.00,66
135,2010-05-13 08:01:15,32.00,111
136,2013-01-31 15:27:40,97.00,181
1,2024-12-03 14:13:34,54.00,162
137,2008-07-24 18:38:40,59.00,143
138,2013-03-02 20:51:18,51.00,78
139,2001-10-22 19:22:12,4.00,109
140,2016-12-07 21:22:16,92.00,99
141,2005-04-18 07:15:39,45.00,162
142,2008-08-30 03:20:40,47.00,177
143,2007-08-15 09:00:57,49.00,142
144,2015-10-19 19:35:00,77.00,97
145,2015-06-16 08:37:50,88.00,174
146,2019-06-01 02:38:51,30.00,77
147,2012-10-21 12:41:01,95.00,177
148,2018-11-16 09:30:09,69.00,72
149,2018-08-16 17:19:44,46.00,95
150,2002-06-11 19:17:33,83.00,59
151,2014-04-08 22:21:58,11.00,144
152,2009-09-08 13:55:56,42.00,138
153,2001-12-07 07:38:40,88.00,89
154,2012-05-18 00:45:06,13.00,161
155,2017-09-17 17:06:07,38.00,134
156,2008-04-25 21:30:19,47.00,97
157,2005-07-25 10:36:23,23.00,81
158,2017-07-04 19:52:39,74.00,149
159,2013-04-15 15:33:06,88.00,121
160,2008-12-09 20:23:02,36.00,109
161,2008-06-20 20:51:41,18.00,100
162,2018-02-08 13:57:44,26.00,45
163,2003-12-20 19:26:33,31.00,60
164,2018-10-13 09:39:12,71.00,114
165,2014-02-04 18:09:58,5.00,61
166,2003-12-31 09:09:30,24.00,193
167,2004-09-19 03:40:48,73.00,147
168,2015-11-11 14:24:37,75.00,168
169,2002-10-14 23:49:37,91.00,194
170,2009-03-29 06:54:20,10.00,147
171,2003-07-02 03:35:20,22.00,164
172,2003-08-20 16:56:51,46.00,122
173,2013-02-27 10:09:18,3.00,93
174,2010-08-30 04:38:13,71.00,56
175,2014-03-10 15:09:48,46.00,118
176,2010-01-26 01:15:03,91.00,127
177,2003-08-11 17:58:08,93.00,104
178,2017-07-04 18:50:41,73.00,163
179,2016-07-18 06:20:12,39.00,169
180,2008-12-15 01:23:38,62.00,135
181,2015-01-20 07:03:04,38.00,111
182,2015-04-12 06:57:25,67.00,132
183,2010-12-26 13:04:53,62.00,181
184,2011-02-02 13:52:51,78.00,180
185,2008-08-26 01:09:39,96.00,190
186,2003-03-22 01:49:14,97.00,157
187,2007-08-16 18:44:18,3.00,86
188,2009-10-18 08:05:39,91.00,87
189,2017-08-16 04:11:09,82.00,178
190,2019-06-11 22:55:25,53.00,193
191,2001-02-24 22:44:57,16.00,35
192,2007-02-12 21:07:12,31.00,181
193,2007-12-20 00:09:43,92.00,88
194,2019-07-10 22:21:51,94.00,152
195,2011-07-22 22:48:32,20.00,148
196,2016-11-03 03:46:14,44.00,145
197,2001-08-23 02:40:28,28.00,193
198,2016-03-04 08:32:53,8.00,159
199,2003-06-18 05:11:06,17.00,147
200,2014-09-10 23:58:51,40.00,79
201,2012-11-29 19:49:06,43.00,189
202,2016-05-22 04:42:30,30.00,114
203,2010-06-14 09:08:28,86.00,148
204,2001-11-18 18:41:18,39.00,126
205,2002-12-18 19:45:33,84.00,175
206,2014-11-18 03:55:20,2.00,174
207,2018-07-18 10:07:08,22.00,95
208,2012-10-16 18:12:33,25.00,190
209,2005-08-19 07:34:00,19.00,110
210,2015-06-22 08:48:28,16.00,193
211,2003-10-16 11:28:29,86.00,142
212,2017-01-23 18:09:36,43.00,190
213,2019-09-16 11:06:10,24.00,191
214,2008-08-20 00:53:36,42.00,182
215,2001-09-03 06:16:59,41.00,136
216,2018-07-21 05:04:27,85.00,175
217,2016-04-27 09:51:00,21.00,131
218,2019-04-12 00:23:18,42.00,165
219,2000-07-01 09:20:56,36.00,150
220,2003-03-01 21:34:48,86.00,166
221,2006-10-20 00:08:17,14.00,187
222,2003-12-03 18:26:47,92.00,159
223,2007-10-23 07:34:31,86.00,162
224,2000-05-11 03:51:36,10.00,197
225,2011-03-31 11:35:41,25.00,177
226,2014-02-01 00:34:06,63.00,105
227,2018-11-27 07:36:19,61.00,134
228,2009-12-05 06:38:03,75.00,144
229,2007-08-04 06:53:58,99.00,40
230,2010-08-31 08:17:32,43.00,193
231,2010-03-25 17:35:23,93.00,76
232,2012-06-07 00:39:01,61.00,111
233,2016-03-09 21:31:53,62.00,192
234,2006-11-18 10:16:27,93.00,192
235,2000-06-08 16:03:30,99.00,48
236,2019-06-11 13:14:32,55.00,148
237,2006-04-03 20:34:03,73.00,188
238,2007-12-10 07:41:26,71.00,108
239,2004-04-25 19:44:17,89.00,132
240,2016-01-26 22:43:22,12.00,19
241,2013-11-13 23:43:59,7.00,102
242,2009-12-16 08:25:38,72.00,52
243,2018-09-17 20:32:43,39.00,38
244,2004-04-02 15:21:00,78.00,185
245,2017-11-05 13:56:11,27.00,187
246,2008-09-18 05:09:25,13.00,185
247,2005-04-30 09:34:25,22.00,197
248,2011-01-15 08:10:31,34.00,139
249,2001-08-10 08:18:53,31.00,98
250,2009-08-08 08:45:17,67.00,78
251,2015-03-11 11:33:40,34.00,145
252,2010-02-12 06:09:41,42.00,81
253,2006-11-26 23:56:42,66.00,155
254,2007-06-04 02:05:32,49.00,196
255,2013-04-14 07:11:23,30.00,117
256,2015-04-07 21:17:59,16.00,161
257,2014-07-09 14:36:23,72.00,150
258,2018-02-05 02:44:10,85.00,195
259,2018-10-04 20:25:48,80.00,43
260,2011-06-30 14:17:36,67.00,23
261,2010-07-24 10:06:46,89.00,107
262,2002-06-19 12:22:59,97.00,140
263,2009-06-08 22:28:10,88.00,94
264,2018-07-22 02:03:52,95.00,140
265,2010-04-09 12:46:35,24.00,64
266,2011-08-05 16:11:22,2.00,137
267,2013-05-23 01:11:40,12.00,198
268,2003-09-15 07:01:45,80.00,141
269,2013-11-04 02:29:33,59.00,169
270,2013-12-26 06:35:51,12.00,157
271,2000-07-03 15:56:06,21.00,163
272,2000-05-20 10:40:36,90.00,92
273,2003-12-10 07:15:20,55.00,33
274,2002-07-29 11:54:08,46.00,33
275,2000-07-10 19:16:01,75.00,190
276,2004-10-21 01:54:17,9.00,173
277,2000-11-21 08:51:04,93.00,73
278,2007-08-30 02:31:16,47.00,135
279,2014-04-14 09:46:42,68.00,87
280,2002-10-09 07:36:23,82.00,182
281,2001-10-30 15:35:48,74.00,111
282,2010-01-04 07:39:53,82.00,158
283,2013-11-17 12:07:45,19.00,66
284,2007-10-15 08:47:21,18.00,168
285,2013-11-15 02:44:37,38.00,159
286,2003-12-17 00:42:09,39.00,44
287,2000-12-29 08:56:47,86.00,53
288,2017-07-29 02:48:11,51.00,132
289,2006-11-02 02:15:40,12.00,80
290,2012-02-19 18:36:26,99.00,159
291,2009-05-23 00:15:02,34.00,24
292,2019-04-23 15:48:03,27.00,63
293,2010-09-17 00:34:33,36.00,169
294,2012-09-22 16:24:59,5.00,108
295,2015-12-19 14:18:46,57.00,190
296,2014-03-30 02:17:07,46.00,95
297,2018-07-21 08:22:27,16.00,153
298,2012-01-22 06:58:59,32.00,197
299,2009-03-05 20:52:11,95.00,14
300,2003-11-07 14:07:41,6.00,97
301,2000-12-19 14:24:48,79.00,173
302,2008-02-17 08:03:12,71.00,146
303,2009-11-29 02:13:51,0.00,80
304,2004-07-26 19:33:44,25.00,161
305,2006-10-02 17:51:13,17.00,93
306,2000-09-02 08:40:08,9.00,83
307,2019-04-19 00:30:52,31.00,167
308,2004-11-13 21:31:20,99.00,194
309,2006-02-13 03:49:20,91.00,197
310,2002-09-05 07:06:47,0.00,38
311,2000-02-27 08:08:42,18.00,37
312,2011-09-11 00:36:23,20.00,101
313,2004-05-10 07:26:32,47.00,114
314,2019-01-15 11:00:35,73.00,49
315,2014-01-06 03:20:45,32.00,81
316,2005-06-25 10:57:49,52.00,185
317,2012-12-23 12:10:22,47.00,195
318,2004-07-01 03:28:41,88.00,166
319,2003-10-21 16:13:13,26.00,195
320,2003-11-28 19:00:31,48.00,117
321,2007-03-13 14:41:12,30.00,120
322,2004-05-14 21:44:52,41.00,100
323,2000-03-06 10:57:29,79.00,93
324,2009-09-27 10:58:58,22.00,47
325,2000-03-04 05:47:55,44.00,180
326,2005-03-09 17:04:35,48.00,164
327,2000-05-12 22:27:49,65.00,112
328,2011-09-25 18:54:23,67.00,102
329,2016-08-06 13:24:48,57.00,171
330,2010-07-05 04:00:42,95.00,130
331,2012-05-05 12:48:59,16.00,112
332,2014-03-09 16:44:47,40.00,94
333,2004-11-10 23:13:50,57.00,113
334,2014-09-25 10:13:31,13.00,191
335,2002-08-15 19:31:20,2.00,83
336,2016-07-23 08:25:14,37.00,127
337,2011-12-26 13:19:21,22.00,116
338,2013-02-12 08:09:50,96.00,142
339,2004-09-05 10:45:54,45.00,58
340,2012-12-12 13:33:04,16.00,132
341,2005-04-02 07:11:55,73.00,166
342,2001-05-11 11:44:52,65.00,68
343,2006-08-16 15:49:58,34.00,67
344,2002-01-17 07:39:00,99.00,146
345,2010-09-24 07:44:21,58.00,77
346,2000-11-03 05:10:07,26.00,146
347,2012-04-20 18:24:13,93.00,182
348,2016-02-21 15:56:19,73.00,192
349,2009-01-31 16:05:05,36.00,192
350,2019-03-31 23:27:56,7.00,134
351,2002-02-20 12:34:46,93.00,25
352,2006-06-03 19:58:23,82.00,181
353,2001-03-05 12:18:10,58.00,95
354,2010-09-22 03:34:06,49.00,127
355,2007-09-03 17:22:29,17.00,157
356,2014-12-08 19:20:52,83.00,173
357,2003-09-02 19:21:14,89.00,42
358,2014-06-01 16:51:00,46.00,90
359,2012-11-26 02:01:06,69.00,174
360,2007-08-17 18:39:24,76.00,200
361,2009-12-16 17:51:20,78.00,57
362,2015-06-23 10:47:13,1.00,129
363,2006-07-26 15:37:46,1.00,104
364,2009-03-19 23:35:38,29.00,155
365,2004-10-17 13:15:27,22.00,100
366,2012-07-28 02:06:42,18.00,190
367,2001-01-29 03:17:09,39.00,39
368,2003-11-29 03:31:49,71.00,80
369,2010-05-05 22:10:43,91.00,137
370,2013-05-06 19:40:28,85.00,105
371,2017-04-25 01:38:57,97.00,79
372,2009-06-21 21:30:48,77.00,142
373,2017-12-09 17:05:12,48.00,161
374,2012-12-01 03:15:04,98.00,22
375,2011-09-04 20:20:38,23.00,72
376,2002-03-11 15:09:40,63.00,192
377,2004-05-25 03:51:37,43.00,173
378,2012-05-02 13:43:55,35.00,96
379,2004-08-28 21:34:07,82.00,149
380,2009-01-19 05:30:33,93.00,115
381,2010-11-22 22:30:50,91.00,30
382,2018-11-18 02:34:02,93.00,31
383,2003-08-24 04:25:18,82.00,188
384,2008-05-31 09:18:20,67.00,131
385,2006-04-10 05:27:30,45.00,188
386,2013-08-08 17:12:01,86.00,15
387,2012-10-11 13:39:52,89.00,25
388,2003-06-06 07:28:01,13.00,133
389,2012-04-08 02:09:19,84.00,194
390,2013-10-23 02:42:50,41.00,29
391,2014-12-17 04:56:28,3.00,194
392,2006-07-16 13:48:43,12.00,97
393,2006-03-09 06:42:44,0.00,128
394,2003-04-27 05:03:52,35.00,19
395,2014-05-06 06:18:14,70.00,139
396,2017-12-26 10:54:18,51.00,121
397,2018-06-01 05:16:54,89.00,43
398,2015-09-12 18:21:25,68.00,192
399,2013-02-15 03:45:29,84.00,86
400,2007-12-07 06:48:42,87.00,117
401,2002-06-02 09:17:27,92.00,30
402,2011-04-11 00:22:19,85.00,185
403,2003-03-11 14:51:12,6.00,178
404,2016-04-09 06:13:51,90.00,168
405,2007-12-03 20:24:57,81.00,199
406,2015-05-24 05:03:04,74.00,99
407,2018-08-24 18:51:45,24.00,153
408,2016-12-26 15:49:03,93.00,165
409,2009-10-09 16:19:12,58.00,126
410,2003-03-13 08:29:35,37.00,164
411,2003-06-21 02:51:03,34.00,34
412,2013-01-29 21:39:09,12.00,86
413,2007-07-27 16:57:53,81.00,69
414,2011-03-03 04:53:21,7.00,186
415,2014-06-04 23:12:49,71.00,131
416,2019-01-24 21:46:20,94.00,150
417,2003-09-09 13:57:33,5.00,155
418,2019-05-07 13:17:56,48.00,58
419,2000-06-11 08:27:06,4.00,42
420,2010-01-17 05:16:29,20.00,149
421,2009-11-17 00:50:24,94.00,14
422,2004-07-27 05:27:48,74.00,163
423,2013-08-13 14:46:56,79.00,113
424,2010-08-04 13:32:45,15.00,49
425,2012-09-25 15:15:45,81.00,153
426,2003-07-12 07:09:13,1.00,185
427,2011-05-06 12:40:43,40.00,169
428,2010-03-16 15:47:09,97.00,24
429,2012-05-20 20:13:02,30.00,30
430,2009-10-26 18:10:40,17.00,70
431,2001-04-22 15:29:15,92.00,152
432,2011-01-04 19:10:49,69.00,67
433,2002-11-14 17:52:01,31.00,158
434,2018-01-11 03:25:53,51.00,149
435,2012-11-24 22:24:01,5.00,178
436,2019-10-01 04:42:21,18.00,200
437,2001-10-11 23:16:37,83.00,165
438,2003-08-06 10:49:25,71.00,194
439,2009-06-13 17:26:34,94.00,129
440,2012-01-10 12:19:51,77.00,37
441,2016-07-20 21:24:31,53.00,173
442,2015-10-14 18:48:53,1.00,175
443,2015-10-31 13:34:15,34.00,140
444,2018-12-04 02:33:43,18.00,154
445,2014-02-05 08:44:57,33.00,79
446,2007-09-27 01:06:11,88.00,120
447,2014-02-03 09:15:14,37.00,127
448,2006-03-13 23:51:49,35.00,131
449,2016-12-19 08:13:28,18.00,162
450,2011-01-25 11:36:43,69.00,162
451,2012-12-19 23:50:32,48.00,52
452,2014-10-08 02:40:45,18.00,90
453,2006-03-31 14:39:30,21.00,74
454,2015-08-01 02:30:22,78.00,140
455,2008-01-29 15:46:39,68.00,70
456,2018-03-29 12:06:08,13.00,160
457,2016-08-10 22:14:53,59.00,154
458,2000-09-21 08:40:53,5.00,188
459,2013-05-30 12:44:28,48.00,149
460,2000-08-09 07:57:24,72.00,138
461,2004-06-06 09:51:21,15.00,51
462,2009-02-23 18:30:29,85.00,135
463,2012-09-21 13:00:35,10.00,150
464,2004-08-21 17:34:49,86.00,122
465,2010-06-13 02:10:40,43.00,91
466,2006-08-01 20:45:32,56.00,190
467,2004-06-15 19:48:47,19.00,128
468,2009-07-08 12:54:30,7.00,110
469,2014-12-20 13:27:50,95.00,132
470,2011-10-08 01:52:41,16.00,116
471,2008-03-29 10:47:58,82.00,94
472,2007-06-18 12:07:28,54.00,87
473,2009-07-26 00:52:56,61.00,145
474,2012-09-28 20:05:00,99.00,53
475,2015-09-13 19:06:08,37.00,78
476,2013-12-10 01:49:21,40.00,148
477,2011-10-09 02:59:26,89.00,148
478,2015-01-18 18:48:16,83.00,105
479,2002-11-06 09:50:01,63.00,194
480,2018-04-23 23:00:22,51.00,109
481,2016-10-28 03:35:02,75.00,91
482,2019-06-08 07:29:43,87.00,63
483,2011-03-08 09:29:48,20.00,107
484,2002-01-13 02:54:04,29.00,127
485,2000-12-22 12:10:16,25.00,196
486,2017-02-11 00:39:26,73.00,133
487,2007-06-11 14:58:00,57.00,193
488,2009-08-20 22:56:11,3.00,128
489,2008-03-30 08:22:01,59.00,186
490,2010-07-29 02:26:01,74.00,131
491,2015-08-15 04:36:01,41.00,36
492,2002-02-16 03:22:30,59.00,86
493,2001-10-20 03:08:07,80.00,116
494,2001-10-08 23:40:45,20.00,91
495,2001-01-08 08:58:37,86.00,105
496,2003-06-22 18:27:59,98.00,67
497,2013-03-23 07:15:44,65.00,122
498,2004-09-07 00:17:21,32.00,155
499,2001-04-01 17:15:07,69.00,166
500,2003-07-13 03:29:53,99.00,112
501,2002-04-14 00:15:37,15.00,95
502,2010-09-20 03:17:44,65.00,172
503,2012-07-24 13:28:25,94.00,147
504,2012-11-24 03:30:36,78.00,173
505,2009-04-26 17:05:58,33.00,172
506,2010-06-19 23:12:35,61.00,126
507,2015-10-31 16:41:11,87.00,141
508,2001-05-08 21:15:06,33.00,140
509,2006-03-17 07:18:43,16.00,128
510,2008-12-04 07:30:37,12.00,106
511,2009-08-17 20:17:36,79.00,91
512,2013-05-13 20:54:35,3.00,195
513,2014-07-24 11:38:20,54.00,139
514,2001-03-30 15:13:36,42.00,149
515,2009-08-01 17:06:22,4.00,119
516,2012-07-15 22:45:15,37.00,38
517,2007-02-21 18:05:23,43.00,177
518,2011-01-14 00:29:46,35.00,166
519,2004-05-10 16:06:36,92.00,187
520,2007-09-21 09:29:20,13.00,151
521,2014-10-10 03:30:28,75.00,186
522,2013-09-04 20:47:53,44.00,29
523,2013-10-10 14:09:42,93.00,180
524,2006-05-07 05:42:32,75.00,199
525,2013-07-06 23:56:38,85.00,146
526,2010-02-01 23:33:08,94.00,186
527,2018-04-04 17:36:02,16.00,170
528,2003-07-02 14:37:39,44.00,141
529,2012-03-02 01:00:17,74.00,72
530,2012-05-11 19:11:37,36.00,166
531,2008-03-23 05:06:25,53.00,194
532,2010-04-25 08:16:51,67.00,174
533,2000-09-03 08:08:17,68.00,65
534,2003-01-24 19:26:40,47.00,157
535,2014-08-18 09:39:39,21.00,74
536,2000-01-16 22:28:26,15.00,150
537,2013-01-03 15:54:16,40.00,189
538,2018-03-03 07:45:20,33.00,137
539,2011-06-06 04:42:48,9.00,133
540,2001-04-08 08:08:45,28.00,51
541,2019-08-31 19:16:08,68.00,186
542,2007-10-05 04:26:12,10.00,144
543,2001-10-27 06:10:23,91.00,82
544,2007-11-14 14:53:29,83.00,100
545,2015-10-01 23:53:43,76.00,108
546,2006-04-06 08:47:24,22.00,113
547,2014-07-04 15:44:07,77.00,120
548,2015-02-27 01:13:24,8.00,162
549,2016-05-14 00:02:15,32.00,183
550,2001-12-15 19:25:25,61.00,158
551,2009-11-26 03:34:39,9.00,155
552,2003-08-15 03:26:31,35.00,127
553,2004-09-16 09:12:06,88.00,41
554,2015-11-22 14:26:01,63.00,181
555,2017-06-17 03:47:07,76.00,91
556,2015-03-07 22:15:32,21.00,108
557,2010-06-22 07:07:03,2.00,147
558,2005-12-02 06:54:24,4.00,73
559,2013-06-12 00:16:09,62.00,118
560,2013-02-15 17:13:42,37.00,140
561,2001-11-14 10:12:06,25.00,118
562,2010-06-13 21:52:37,94.00,87
563,2010-07-04 22:39:30,8.00,129
564,2016-05-29 20:44:16,95.00,76
565,2004-04-07 13:29:37,1.00,127
566,2000-01-19 23:13:09,96.00,132
567,2019-07-01 04:24:54,26.00,135
568,2012-11-03 20:27:24,47.00,70
569,2000-04-01 23:00:03,64.00,158
570,2014-11-22 17:34:04,56.00,14
571,2014-01-20 18:21:15,20.00,195
572,2004-05-01 05:56:37,26.00,144
573,2005-01-12 17:00:04,51.00,40
574,2015-12-09 23:55:57,88.00,179
575,2002-09-23 20:07:45,40.00,130
576,2000-07-05 16:21:32,32.00,105
577,2015-01-17 15:51:10,21.00,147
578,2007-11-23 09:48:57,75.00,45
579,2015-09-16 00:24:43,44.00,146
580,2003-11-02 06:04:57,95.00,135
581,2001-08-04 11:58:18,6.00,60
582,2006-07-26 12:13:33,14.00,63
583,2002-05-09 15:32:57,28.00,40
584,2017-12-13 00:43:17,89.00,171
585,2018-09-06 06:16:07,98.00,187
586,2000-01-02 07:34:19,2.00,142
587,2015-09-03 12:27:18,33.00,193
588,2008-09-08 16:22:28,31.00,104
589,2003-01-22 03:53:54,35.00,121
590,2014-05-17 20:01:28,50.00,130
591,2010-09-11 00:58:41,50.00,39
592,2003-03-20 08:43:20,73.00,200
593,2019-10-01 01:16:39,71.00,170
594,2014-08-03 05:04:17,40.00,169
595,2002-09-11 05:00:33,24.00,80
596,2007-04-18 16:54:06,42.00,73
597,2012-02-06 12:26:27,38.00,68
598,2015-12-16 17:04:24,39.00,104
599,2018-11-28 09:57:15,19.00,161
600,2004-10-13 23:47:44,75.00,189
601,2009-01-08 08:31:37,1.00,97
602,2016-11-09 16:55:22,15.00,117
603,2019-05-09 03:17:42,68.00,100
604,2001-07-10 18:53:31,39.00,181
605,2001-04-14 22:39:24,30.00,118
606,2009-11-11 12:39:49,79.00,96
607,2000-11-04 20:15:25,28.00,124
608,2019-09-14 02:11:01,75.00,52
609,2002-12-02 08:19:03,99.00,183
610,2006-08-22 03:35:06,27.00,28
611,2019-09-14 20:23:38,49.00,190
612,2002-10-22 08:02:21,83.00,145
613,2006-11-12 19:43:43,74.00,180
614,2014-04-27 21:45:02,2.00,125
615,2005-03-01 18:04:42,34.00,188
616,2002-05-01 17:21:22,14.00,199
617,2009-02-14 03:18:23,2.00,152
618,2018-10-20 02:19:47,91.00,174
619,2018-12-16 14:26:38,24.00,192
620,2006-01-06 02:34:20,96.00,181
621,2010-11-08 02:00:05,55.00,192
622,2018-02-26 12:25:30,1.00,157
623,2018-02-11 20:55:06,56.00,95
624,2005-09-28 14:59:00,86.00,130
625,2009-07-24 17:24:32,28.00,123
626,2011-09-22 05:04:54,69.00,133
627,2013-10-09 22:21:19,75.00,171
628,2010-07-21 09:15:01,92.00,191
629,2005-09-30 10:53:17,93.00,186
630,2008-06-08 10:23:24,47.00,136
631,2009-11-06 05:04:34,92.00,159
632,2003-02-01 08:40:46,66.00,86
633,2002-06-27 04:13:49,32.00,142
634,2006-12-09 08:00:27,52.00,181
635,2005-03-25 19:57:12,80.00,86
636,2011-08-28 13:47:04,37.00,59
637,2018-02-26 21:35:31,51.00,131
638,2008-11-17 11:57:47,91.00,157
639,2010-11-08 20:26:28,3.00,75
640,2013-07-08 22:41:46,43.00,115
641,2015-09-28 00:01:14,69.00,74
642,2017-08-21 18:59:58,4.00,92
643,2004-09-27 04:14:18,22.00,122
644,2012-04-13 14:05:26,72.00,178
645,2014-11-26 23:34:00,64.00,160
646,2004-12-05 20:34:39,50.00,190
647,2001-04-18 06:54:55,31.00,158
648,2013-11-01 23:51:37,92.00,69
649,2003-05-08 21:27:17,57.00,194
650,2014-10-27 02:43:06,16.00,24
651,2010-05-13 18:53:30,2.00,17
652,2001-05-27 16:35:17,52.00,77
653,2001-12-28 20:43:15,21.00,50
654,2003-09-01 01:29:47,48.00,186
655,2017-05-25 12:25:24,58.00,183
656,2009-08-28 01:33:57,50.00,161
657,2011-09-23 10:48:43,71.00,160
658,2018-11-19 08:11:10,19.00,67
659,2018-05-08 08:22:08,98.00,103
660,2013-04-29 03:53:37,16.00,78
661,2017-02-26 17:08:22,35.00,32
662,2015-09-22 09:03:06,85.00,58
663,2011-08-22 13:08:25,45.00,187
664,2012-04-09 14:45:29,73.00,143
665,2014-05-24 22:58:14,44.00,102
666,2005-05-07 18:47:10,34.00,120
667,2011-01-29 04:17:56,45.00,194
668,2003-10-07 20:52:09,94.00,68
669,2000-09-26 18:20:26,16.00,170
670,2014-01-13 13:17:02,31.00,77
671,2003-01-03 08:20:39,57.00,74
672,2015-05-10 22:57:00,57.00,162
673,2009-01-09 19:13:21,79.00,196
674,2013-03-12 04:09:11,78.00,105
675,2009-03-18 06:34:11,45.00,139
676,2006-01-29 06:55:42,2.00,85
677,2006-05-30 18:46:40,74.00,110
678,2001-04-24 03:52:56,67.00,166
679,2016-05-19 02:26:09,41.00,109
680,2013-09-23 13:10:56,55.00,156
681,2001-12-16 22:31:49,58.00,165
682,2001-12-19 10:52:55,66.00,111
683,2000-12-25 03:19:16,55.00,194
684,2010-08-09 14:54:26,13.00,180
685,2018-01-01 17:21:34,65.00,173
686,2012-04-25 18:41:26,15.00,85
687,2011-10-17 23:17:22,1.00,80
688,2010-02-03 08:30:22,86.00,102
689,2014-12-30 12:05:35,80.00,195
690,2009-09-24 16:26:22,23.00,61
691,2010-09-21 11:45:22,29.00,129
692,2006-11-24 12:08:44,28.00,148
693,2004-01-21 18:27:31,17.00,34
694,2000-05-04 12:03:29,76.00,175
695,2001-12-29 09:12:29,41.00,51
696,2019-08-30 15:12:32,50.00,77
697,2018-09-26 23:51:36,92.00,82
698,2014-01-03 01:33:00,35.00,147
699,2019-09-02 02:45:26,19.00,86
700,2015-07-27 11:29:39,8.00,190
701,2006-10-30 17:38:19,52.00,80
702,2014-10-21 05:29:17,36.00,176
703,2018-06-08 13:15:41,75.00,148
704,2001-02-11 07:24:45,62.00,190
705,2018-10-13 12:24:02,41.00,152
706,2005-12-07 16:46:38,21.00,106
707,2002-07-23 23:52:28,41.00,19
708,2010-11-23 04:12:15,66.00,50
709,2004-01-25 00:13:44,17.00,113
710,2013-03-18 21:38:35,73.00,62
711,2010-11-19 19:31:58,23.00,178
712,2010-05-12 01:30:26,31.00,165
713,2001-03-27 20:04:37,19.00,104
714,2001-12-26 02:30:41,55.00,145
715,2017-03-02 23:16:37,90.00,160
716,2016-02-25 11:10:40,55.00,106
717,2005-11-06 00:04:22,76.00,95
718,2006-12-18 04:30:58,10.00,67
719,2011-03-14 18:02:39,94.00,127
720,2002-07-28 07:02:49,49.00,186
721,2013-09-07 14:17:43,40.00,169
722,2008-12-04 06:17:30,3.00,75
723,2015-09-13 20:06:35,26.00,135
724,2016-03-03 01:42:38,16.00,177
725,2012-08-18 02:40:23,77.00,137
726,2012-05-04 09:04:06,26.00,119
727,2004-01-10 05:03:15,79.00,155
728,2018-08-23 14:13:39,49.00,118
729,2018-03-29 05:17:21,9.00,50
730,2009-11-06 05:54:19,57.00,127
731,2007-10-08 07:40:22,73.00,68
732,2019-08-10 11:29:33,21.00,185
733,2001-03-01 20:50:36,17.00,91
734,2002-06-09 17:17:47,74.00,57
735,2011-11-21 03:51:23,17.00,62
736,2002-01-22 06:33:21,82.00,194
737,2018-09-30 11:18:00,5.00,196
738,2006-02-09 09:38:00,97.00,90
739,2007-10-22 17:11:39,75.00,61
740,2016-06-29 23:07:15,55.00,90
741,2009-02-13 16:42:28,87.00,152
742,2004-09-30 07:33:40,12.00,196
743,2006-10-30 00:39:58,38.00,63
744,2015-09-17 02:13:31,12.00,133
745,2015-09-08 15:58:16,28.00,169
746,2006-11-12 06:19:00,73.00,123
747,2005-08-12 01:10:43,1.00,48
748,2007-12-04 18:28:10,33.00,67
749,2009-04-29 21:32:51,17.00,83
750,2018-05-01 08:26:42,16.00,62
751,2006-10-24 17:50:07,67.00,85
752,2002-03-28 04:01:34,50.00,26
753,2016-09-08 07:41:04,53.00,188
754,2019-07-08 01:33:01,22.00,140
755,2000-04-24 11:21:56,85.00,158
756,2013-08-24 11:44:39,47.00,61
757,2015-10-21 03:58:40,94.00,138
758,2008-03-23 00:51:48,22.00,80
759,2005-10-27 03:50:00,69.00,187
760,2002-07-20 02:14:52,6.00,119
761,2010-02-20 15:23:52,14.00,183
762,2016-09-18 19:50:06,15.00,190
763,2001-01-04 19:19:18,39.00,153
764,2013-04-19 21:42:54,1.00,148
765,2018-01-20 03:39:08,73.00,111
766,2014-07-31 08:38:26,62.00,127
767,2009-06-16 10:40:16,49.00,138
768,2010-05-07 16:23:08,74.00,184
769,2008-08-28 20:00:56,1.00,167
770,2004-12-14 14:03:35,74.00,132
771,2014-02-15 09:33:07,45.00,32
772,2018-11-26 22:56:58,77.00,89
773,2005-06-24 04:32:29,24.00,184
774,2001-11-23 16:36:09,41.00,147
775,2015-02-17 17:28:23,50.00,125
776,2004-12-05 08:17:08,3.00,67
777,2005-08-13 13:43:02,18.00,126
778,2005-06-15 04:57:02,47.00,159
779,2008-06-04 14:22:24,72.00,79
780,2001-11-28 12:37:16,51.00,94
781,2002-06-10 03:45:17,50.00,40
782,2010-02-03 16:09:54,63.00,179
783,2014-05-25 15:06:50,52.00,192
784,2008-03-17 15:17:47,54.00,138
785,2002-05-07 16:39:24,82.00,151
786,2016-04-12 08:52:30,22.00,164
787,2000-09-08 05:09:11,99.00,111
788,2004-06-02 23:28:40,88.00,146
789,2006-02-08 01:58:12,55.00,159
790,2014-10-06 00:53:33,60.00,195
791,2009-06-06 05:30:16,16.00,111
792,2015-04-04 04:28:17,33.00,110
793,2005-08-28 02:02:43,18.00,120
794,2005-07-05 08:38:27,85.00,135
795,2014-09-18 05:00:03,14.00,173
796,2011-12-12 13:49:54,19.00,29
797,2004-07-13 06:31:53,93.00,53
798,2019-05-27 22:36:55,93.00,91
799,2017-11-30 14:29:48,2.00,92
800,2007-09-08 04:12:11,92.00,97
801,2014-11-16 21:12:43,52.00,194
802,2016-12-16 07:58:35,41.00,17
803,2000-04-23 01:20:03,41.00,128
804,2003-02-24 19:42:18,73.00,108
805,2014-07-13 14:29:25,4.00,62
806,2004-09-10 03:44:52,99.00,198
807,2008-12-15 17:11:01,89.00,191
808,2003-01-02 17:11:46,73.00,102
809,2012-12-02 17:02:21,20.00,150
810,2003-09-06 00:51:51,32.00,53
811,2011-06-06 23:14:07,82.00,194
812,2013-08-03 03:04:10,43.00,142
813,2003-05-29 22:23:27,57.00,136
814,2005-04-15 13:30:33,80.00,115
815,2016-02-12 09:25:56,1.00,183
816,2005-08-16 10:13:49,17.00,183
817,2004-07-30 00:15:05,75.00,178
818,2007-11-18 03:40:03,34.00,178
819,2002-08-12 06:54:41,1.00,133
820,2007-02-04 21:16:47,96.00,89
821,2005-08-09 19:49:21,95.00,122
822,2009-11-05 02:27:08,14.00,134
823,2010-08-09 11:52:31,84.00,193
824,2011-08-21 06:00:52,19.00,58
825,2010-11-23 18:57:52,75.00,114
826,2002-06-10 19:48:56,72.00,162
827,2006-05-09 02:48:48,91.00,110
828,2002-07-24 23:43:26,38.00,54
829,2003-10-16 05:36:24,37.00,178
830,2017-12-20 13:48:13,50.00,86
831,2009-04-24 01:58:29,35.00,59
832,2019-03-21 23:02:02,21.00,85
833,2017-04-12 19:57:23,49.00,137
834,2007-05-29 19:14:39,48.00,176
835,2012-10-12 15:07:09,73.00,130
836,2009-10-16 20:54:00,98.00,132
837,2000-11-19 08:01:28,92.00,150
838,2011-04-24 16:15:08,74.00,170
839,2015-03-15 09:05:25,51.00,145
840,2006-11-21 09:52:26,62.00,111
841,2000-05-28 15:43:54,65.00,19
842,2001-07-20 16:59:54,71.00,131
843,2018-08-08 16:06:16,29.00,140
844,2009-10-06 22:40:11,22.00,149
845,2012-05-05 05:47:13,25.00,155
846,2012-06-15 20:38:02,38.00,200
847,2016-08-25 05:45:21,97.00,52
848,2007-11-17 02:00:24,1.00,81
849,2009-01-26 08:36:00,14.00,170
850,2005-05-09 23:00:26,4.00,82
851,2015-04-27 07:19:16,85.00,167
852,2010-06-29 02:33:11,36.00,124
853,2005-12-24 01:55:33,42.00,187
854,2014-06-18 21:29:43,77.00,109
855,2001-07-21 14:02:36,28.00,114
856,2012-03-15 01:09:13,37.00,51
857,2017-02-21 23:12:40,63.00,168
858,2019-09-05 22:29:31,40.00,184
859,2016-02-21 07:54:03,37.00,18
860,2008-12-23 02:46:52,26.00,106
861,2018-04-18 17:37:00,22.00,128
862,2017-02-19 19:46:42,28.00,189
863,2001-06-15 11:19:15,78.00,79
864,2011-03-26 23:18:09,95.00,19
865,2015-03-28 06:54:19,50.00,78
866,2009-04-02 18:48:11,33.00,164
867,2001-01-29 04:37:09,45.00,99
868,2005-03-25 04:29:51,74.00,149
869,2001-08-12 07:37:21,95.00,122
870,2018-10-16 10:10:30,8.00,20
871,2006-07-09 17:58:16,14.00,94
872,2000-10-05 17:55:56,58.00,101
873,2007-04-21 19:50:46,88.00,58
874,2015-10-31 19:40:45,81.00,167
875,2006-12-08 01:22:35,87.00,39
876,2017-06-16 15:45:04,77.00,75
877,2010-12-24 12:14:19,55.00,76
878,2016-05-13 09:40:22,13.00,129
879,2015-05-24 15:55:59,22.00,127
880,2014-01-03 05:33:24,14.00,68
881,2011-11-06 03:38:30,90.00,37
882,2015-01-02 17:03:40,36.00,92
883,2001-04-24 14:47:28,31.00,186
884,2012-02-14 00:49:32,69.00,50
885,2003-02-17 12:17:25,12.00,196
886,2014-07-15 02:40:04,93.00,147
887,2014-10-15 04:18:18,68.00,112
888,2019-03-23 02:35:40,10.00,177
889,2006-01-15 17:25:03,15.00,173
890,2014-01-17 16:25:34,30.00,124
891,2000-08-02 20:35:36,26.00,70
892,2017-05-28 04:25:11,5.00,186
893,2003-06-18 06:59:25,57.00,33
894,2001-06-07 10:20:40,46.00,126
895,2018-04-30 14:06:25,67.00,103
896,2016-05-04 19:30:37,6.00,38
897,2009-04-01 10:23:37,80.00,165
898,2000-01-21 14:54:15,68.00,145
899,2015-09-17 18:17:59,59.00,123
900,2002-12-25 02:05:06,27.00,127
901,2014-04-20 10:31:08,44.00,199
902,2014-01-26 05:36:04,17.00,136
903,2011-05-12 05:48:17,43.00,100
904,2012-04-29 13:05:32,74.00,123
905,2003-10-18 11:01:05,6.00,43
906,2012-11-09 16:33:58,9.00,199
907,2002-09-13 03:04:27,41.00,109
908,2002-09-23 08:59:26,34.00,59
909,2003-11-01 10:59:47,74.00,101
910,2001-02-27 10:32:31,10.00,181
911,2011-02-17 21:12:09,19.00,146
912,2013-06-04 14:23:24,48.00,165
913,2009-02-16 19:47:16,36.00,37
914,2012-03-08 00:35:04,7.00,120
915,2012-06-06 11:25:17,13.00,72
916,2006-10-18 10:30:22,34.00,122
917,2000-05-04 17:00:52,38.00,59
918,2018-12-05 12:54:42,8.00,82
919,2005-11-27 17:22:57,66.00,197
920,2000-01-28 01:28:51,9.00,154
921,2002-10-24 19:50:23,29.00,124
922,2011-11-05 09:54:57,80.00,78
923,2003-06-27 21:35:11,97.00,161
924,2001-06-09 21:22:45,11.00,97
925,2003-10-06 19:01:36,28.00,72
926,2010-05-13 12:30:17,57.00,149
927,2007-01-09 20:23:31,56.00,50
928,2016-12-25 13:12:55,2.00,128
929,2012-07-31 04:05:32,35.00,94
930,2005-03-05 03:53:56,59.00,163
931,2005-09-02 01:27:33,37.00,124
932,2007-01-27 07:14:25,26.00,179
933,2002-06-11 09:01:22,82.00,165
934,2003-09-15 16:19:42,16.00,153
935,2005-01-02 06:27:50,61.00,68
936,2007-04-01 04:47:53,56.00,181
937,2002-12-21 05:15:30,43.00,155
938,2008-12-12 09:13:45,56.00,11
939,2011-03-06 06:05:34,26.00,26
940,2015-09-18 00:43:52,90.00,61
941,2016-10-04 01:31:00,79.00,127
942,2006-07-06 05:32:36,13.00,179
943,2016-12-26 19:02:33,98.00,82
944,2015-06-20 22:42:02,20.00,190
945,2009-07-03 11:11:45,93.00,176
946,2007-06-10 01:03:57,26.00,62
947,2012-10-30 19:06:01,8.00,39
948,2018-04-09 12:53:33,51.00,102
949,2017-09-22 18:03:35,58.00,138
950,2000-03-21 01:22:41,34.00,56
951,2003-09-10 13:28:49,7.00,188
952,2014-01-20 00:00:56,54.00,143
953,2007-10-24 23:59:27,33.00,135
954,2000-09-03 07:47:04,66.00,195
955,2009-10-25 13:19:16,13.00,16
956,2003-10-11 12:50:51,24.00,167
957,2004-12-07 13:39:44,69.00,151
958,2003-05-18 06:01:38,76.00,98
959,2012-03-29 06:11:35,20.00,47
960,2010-06-05 12:11:06,15.00,138
961,2000-06-29 22:24:39,42.00,193
962,2016-10-10 11:25:02,74.00,101
963,2003-02-15 12:46:32,22.00,184
964,2000-11-18 11:43:31,78.00,175
965,2007-12-28 18:13:56,75.00,147
966,2003-11-23 09:15:34,7.00,60
967,2002-03-03 03:39:04,60.00,153
968,2008-12-29 16:42:00,59.00,30
969,2016-08-03 01:46:38,8.00,146
970,2004-10-08 22:58:59,44.00,123
971,2014-12-10 12:54:20,5.00,100
972,2008-05-27 06:05:14,73.00,96
973,2009-06-10 05:58:51,68.00,87
974,2002-10-03 02:38:53,39.00,199
975,2015-10-03 08:46:46,81.00,181
976,2008-09-26 11:49:47,94.00,52
977,2005-07-09 22:44:22,22.00,98
978,2001-04-04 16:46:22,87.00,93
979,2011-06-27 17:18:40,89.00,105
980,2005-10-30 14:14:50,85.00,105
981,2008-04-22 08:02:33,83.00,135
982,2009-05-25 03:43:11,92.00,160
983,2015-08-13 10:07:24,23.00,107
984,2001-06-27 12:39:14,17.00,26
985,2012-08-24 16:00:07,38.00,128
986,2014-02-02 15:31:46,23.00,105
987,2014-12-26 03:19:02,97.00,73
988,2004-07-07 06:54:53,83.00,33
989,2018-08-02 10:32:25,80.00,192
990,2003-01-26 16:02:33,10.00,154
991,2015-07-27 03:32:06,78.00,68
992,2001-09-15 12:07:33,6.00,113
993,2016-06-20 21:45:30,44.00,62
994,2003-11-02 12:21:09,63.00,64
995,2002-10-12 23:44:56,13.00,37
996,2016-03-28 05:08:16,22.00,158
997,2003-03-21 05:08:16,92.00,143
998,2011-06-12 21:14:44,67.00,36
999,2010-12-23 05:41:28,13.00,153
1000,2017-10-12 14:56:26,0.00,182
1001,2019-03-10 08:46:04,74.00,111
1002,2008-08-26 10:54:34,62.00,
1003,2003-05-28 00:58:14,63.00,
1004,2017-05-16 22:36:37,44.00,
1005,2004-06-15 00:54:30,10.00,
1006,2011-11-23 19:14:01,46.00,
1007,2014-12-26 13:48:12,71.00,
1008,2018-06-30 03:26:02,84.00,
1009,2015-12-13 06:01:44,87.00,
1010,2011-07-04 21:36:45,72.00,
1011,2013-06-06 18:10:38,73.00,
1012,2000-02-27 21:11:29,65.00,
1013,2000-04-09 10:08:49,52.00,
1014,2018-06-19 17:57:56,0.00,
1015,2018-08-15 20:28:04,28.00,
1016,2007-07-09 05:49:26,73.00,
1017,2015-03-21 05:50:03,95.00,
1018,2014-06-18 01:22:03,76.00,
1019,2010-09-10 08:57:46,19.00,
1020,2006-02-23 09:46:01,17.00,
1021,2009-08-31 17:48:22,93.00,
1022,2010-07-25 04:36:53,11.00,
1023,2016-12-14 03:33:32,87.00,
1024,2012-06-13 11:16:02,7.00,
1025,2001-02-10 06:45:22,77.00,
1026,2011-06-29 09:11:42,52.00,
1027,2010-11-08 23:20:53,98.00,
1028,2001-04-05 18:42:20,78.00,
1029,2018-11-28 11:19:00,97.00,
1030,2019-06-13 22:38:22,74.00,
1031,2004-10-01 17:29:04,69.00,
1032,2018-04-03 23:01:05,85.00,
1033,2010-05-30 02:58:44,4.00,
1034,2016-08-02 23:58:12,28.00,
1035,2009-01-23 22:17:00,14.00,
1036,2004-06-11 02:47:41,15.00,
1037,2012-04-13 10:29:30,74.00,
1038,2017-10-02 11:02:00,41.00,
1039,2002-03-09 12:03:00,87.00,
1040,2006-06-28 00:37:37,46.00,
1041,2013-11-15 18:16:32,72.00,
1042,2002-12-30 15:51:30,81.00,
1043,2011-12-20 16:56:32,80.00,
1044,2005-03-29 05:48:45,94.00,
1045,2009-02-21 22:43:02,25.00,
1046,2010-08-30 22:53:50,79.00,
1047,2013-08-02 10:22:25,20.00,
1048,2003-03-20 19:30:55,21.00,
1049,2006-08-05 18:14:57,17.00,
1050,2004-03-22 12:59:36,18.00,
1051,2019-09-05 18:47:01,43.00,
1052,2009-07-09 03:36:37,38.00,
2,2010-09-13 04:06:35,71.00,194
1057,2024-11-30 19:12:35,71.00,194
1058,2024-11-30 19:15:58,71.00,194
3,2024-12-03 11:16:48,15.00,97
